price,rating,stock,title
£51.77,3,True,A Light in the Attic
£53.74,1,True,Tipping the Velvet
£50.10,1,True,Soumission
£47.82,4,True,Sharp Objects
£54.23,5,True,Sapiens: A Brief History of Humankind
£22.65,1,True,The Requiem Red
£33.34,4,True,The Dirty Little Secrets of Getting Your Dream Job
£17.93,3,True,"The Coming Woman: A Novel Based on the Life of the Infamous Feminist, Victoria Woodhull"
£22.60,4,True,The Boys in the Boat: Nine Americans and Their Epic Quest for Gold at the 1936 Berlin Olympics
£52.15,1,True,The Black Maria
£13.99,2,True,"Starving Hearts (Triangular Trade Trilogy, #1)"
£20.66,4,True,Shakespeare's Sonnets
£17.46,5,True,Set Me Free
£52.29,5,True,Scott Pilgrim's Precious Little Life (Scott Pilgrim #1)
£35.02,5,True,Rip it Up and Start Again
£57.25,3,True,"Our Band Could Be Your Life: Scenes from the American Indie Underground, 1981-1991"
£23.88,1,True,Olio
£37.59,1,True,Mesaerion: The Best Science Fiction Stories 1800-1849
£51.33,2,True,Libertarianism for Beginners
£45.17,2,True,It's Only the Himalayas
£30.81,1,True,Algorithms to Live By: The Computer Science of Human Decisions
£42.95,1,True,A World of Flavor: Your Gluten Free Passport
£56.76,5,True,"A Piece of Sky, a Grain of Rice: A Memoir in Four Meditations"
£16.64,1,True,A Murder in Time
£55.53,5,True,A Flight of Arrows (The Pathfinders #2)
£28.13,4,True,A Fierce and Subtle Poison
£52.37,1,True,A Court of Thorns and Roses (A Court of Thorns and Roses #1)
£54.00,5,True,(Un)Qualified: How God Uses Broken People to Do Big Things
£21.87,4,True,You Are What You Love: The Spiritual Power of Habit
£43.30,4,True,"William Shakespeare's Star Wars: Verily, A New Hope (William Shakespeare's Star Wars #4)"
£21.04,2,True,Tuesday Nights in 1980
£41.60,3,True,Tracing Numbers on a Train
£35.07,3,True,Throne of Glass (Throne of Glass #1)
£59.64,1,True,Thomas Jefferson and the Tripoli Pirates: The Forgotten War That Changed American History
£52.72,1,True,Thirteen Reasons Why
£58.08,4,True,The White Cat and the Monk: A Retelling of the Poem “Pangur Bán”
£24.12,1,True,The Wedding Dress
£42.15,4,True,The Vacationers
£12.61,5,True,The Third Wave: An Entrepreneur’s Vision of the Future
£17.44,4,True,The Stranger
£38.16,4,True,The Nameless City (The Nameless City #1)
£54.11,3,True,The Murder That Never Was (Forensic Instincts #5)
£42.96,4,True,The Most Perfect Thing: Inside (and Outside) a Bird's Egg
£23.89,4,True,"The Mindfulness and Acceptance Workbook for Anxiety: A Guide to Breaking Free from Anxiety, Phobias, and Worry Using Acceptance and Commitment Therapy"
£16.77,3,True,The Life-Changing Magic of Tidying Up: The Japanese Art of Decluttering and Organizing
£20.59,5,True,"The Inefficiency Assassin: Time Management Tactics for Working Smarter, Not Longer"
£37.13,1,True,The Gutsy Girl: Escapades for Your Life of Epic Adventure
£56.06,1,True,The Electric Pencil: Drawings from Inside State Hospital No. 3
£58.11,4,True,The Death of Humanity: and the Case for Life
£49.05,3,True,"The Bulletproof Diet: Lose up to a Pound a Day, Reclaim Energy and Focus, Upgrade Your Life"
£40.76,3,True,The Art Forger
£19.73,1,True,The Age of Genius: The Seventeenth Century and the Birth of the Modern Mind
£32.24,5,True,The Activist's Tao Te Ching: Ancient Advice for a Modern Revolution
£41.83,4,True,Spark Joy: An Illustrated Master Class on the Art of Organizing and Tidying Up
£39.58,2,True,Soul Reader
£39.25,2,True,Security
£25.02,3,True,"Saga, Volume 6 (Saga (Collected Editions) #6)"
£51.04,2,True,"Saga, Volume 5 (Saga (Collected Editions) #5)"
£19.83,2,True,Reskilling America: Learning to Labor in the Twenty-First Century
£50.40,3,True,"Rat Queens, Vol. 3: Demons (Rat Queens (Collected Editions) #11-15)"
£33.14,1,True,The Shadow Hero (The Shadow Hero)
£27.37,4,True,The Secret (The Secret #1)
£51.36,5,True,The Regional Office Is Under Attack!
£36.00,2,True,The Psychopath Test: A Journey Through the Madness Industry
£10.65,1,True,The Project
£43.54,2,True,The Power of Now: A Guide to Spiritual Enlightenment
£38.21,2,True,The Omnivore's Dilemma: A Natural History of Four Meals
£37.34,5,True,The Nerdy Nummies Cookbook: Sweet Treats for the Geek in All of Us
£44.10,4,True,The Murder of Roger Ackroyd (Hercule Poirot #4)
£43.29,3,True,The Mistake (Off-Campus #2)
£55.85,1,True,The Matchmaker's Playbook (Wingmen Inc. #1)
£37.60,2,True,The Love and Lemons Cookbook: An Apple-to-Zucchini Celebration of Impromptu Cooking
£10.97,1,True,The Long Shadow of Small Ghosts: Murder and Memory in an American City
£41.82,4,True,The Kite Runner
£36.95,1,True,The House by the Lake
£44.28,1,True,The Glittering Court (The Glittering Court #1)
£55.02,2,True,The Girl on the Train
£17.24,1,True,The Genius of Birds
£23.15,2,True,The Emerald Mystery
£41.25,1,True,The Cookies & Cups Cookbook: 125+ sweet & savory recipes reminding you to Always Eat Dessert First
£32.00,3,True,The Bridge to Consciousness: I'm Writing the Bridge Between Science and Our Old and New Beliefs.
£38.49,5,True,The Artist's Way: A Spiritual Path to Higher Creativity
£33.34,5,True,The Art of War
£10.93,2,True,The Argonauts
£27.55,3,True,The 10% Entrepreneur: Live Your Startup Dream Without Quitting Your Day Job
£55.99,2,True,Suddenly in Love (Lake Haven #1)
£16.24,4,True,Something More Than This
£26.12,2,True,Soft Apocalypse
£12.23,2,True,So You've Been Publicly Shamed
£23.99,2,True,Shoe Dog: A Memoir by the Creator of NIKE
£29.06,3,True,"Shobu Samurai, Project Aryoku (#3)"
£20.27,1,True,Secrets and Lace (Fatal Hearts #1)
£43.55,5,True,Scarlett Epstein Hates It Here
£36.94,1,True,Romero and Juliet: A Tragic Tale of Love and Zombies
£20.47,5,True,Redeeming Love
£41.06,1,True,Poses for Artists Volume 1 - Dynamic and Sitting Poses: An Essential Reference for Figure Drawing and the Human Form
£14.19,4,True,Poems That Make Grown Women Cry
£38.28,1,True,"Nightingale, Sing"
£41.05,1,True,Night Sky with Exit Wounds
£30.25,5,True,Mrs. Houdini
£57.31,3,True,Slow States of Collapse: Poems
£26.41,2,True,Reasons to Stay Alive
£47.61,5,True,Private Paris (Private #10)
£23.11,5,True,#HigherSelfie: Wake Up Your Life. Free Your Soul. Find Your Tribe.
£45.07,2,True,Without Borders (Wanderlove #1)
£31.77,1,True,When We Collided
£50.27,5,True,"We Love You, Charlie Freeman"
£14.27,4,True,Untitled Collection: Sabbath Poems 2014
£44.18,4,True,"Unseen City: The Majesty of Pigeons, the Discreet Charm of Snails & Other Wonders of the Urban Wilderness"
£18.78,3,True,Unicorn Tracks
£25.52,1,True,"Unbound: How Eight Technologies Made Us Human, Transformed Society, and Brought Our World to the Brink"
£16.28,1,True,Tsubasa: WoRLD CHRoNiCLE 2 (Tsubasa WoRLD CHRoNiCLE #2)
£31.12,3,True,Throwing Rocks at the Google Bus: How Growth Became the Enemy of Prosperity
£19.49,4,True,This One Summer
£17.27,5,True,Thirst
£19.09,1,True,The Torch Is Passed: A Harding Family Story
£56.13,1,True,The Secret of Dreadwillow Carse
£56.41,1,True,"The Pioneer Woman Cooks: Dinnertime: Comfort Classics, Freezer Food, 16-Minute Meals, and Other Delicious Ways to Solve Supper!"
£56.50,4,True,The Past Never Ends
£45.22,3,True,The Natural History of Us (The Fine Art of Pretending #2)
£57.36,5,True,Immunity: How Elie Metchnikoff Changed the Course of Modern Medicine
£29.17,2,True,"I Hate Fairyland, Vol. 1: Madly Ever After (I Hate Fairyland (Compilations) #1-5)"
£54.63,3,True,I am a Hero Omnibus Volume 1
£46.03,1,True,How to Be Miserable: 40 Strategies You Already Use
£33.97,1,True,Her Backup Boyfriend (The Sorensen Family #1)
£22.11,2,True,"Giant Days, Vol. 2 (Giant Days #5-8)"
£29.69,3,True,Forever and Forever: The Courtship of Henry Longfellow and Fanny Appleton
£15.97,4,True,First and First (Five Boroughs #3)
£21.96,1,True,Fifty Shades Darker (Fifty Shades #2)
£54.35,2,True,Everydata: The Misinformation Hidden in the Little Data You Consume Every Day
£37.97,2,True,"Don't Be a Jerk: And Other Practical Advice from Dogen, Japan's Greatest Zen Master"
£51.99,4,True,Danganronpa Volume 1
£43.29,3,True,Crown of Midnight (Throne of Glass #2)
£36.72,4,True,"Codename Baboushka, Volume 1: The Conclave of Death"
£17.08,4,True,Camp Midnight
£29.14,5,True,Call the Nurse: True Stories of a Country Nurse on a Scottish Isle
£28.81,3,True,Burning
£49.46,2,True,Bossypants
£37.92,2,True,"Bitch Planet, Vol. 1: Extraordinary Machine (Bitch Planet (Collected Editions))"
£28.09,2,True,"Avatar: The Last Airbender: Smoke and Shadow, Part 3 (Smoke and Shadow #3)"
£13.61,5,True,"Princess Jellyfish 2-in-1 Omnibus, Vol. 01 (Princess Jellyfish 2-in-1 Omnibus #1)"
£13.34,5,True,Princess Between Worlds (Wide-Awake Princess #5)
£18.97,1,True,"Pop Gun War, Volume 1: Gift"
£36.28,2,True,"Political Suicide: Missteps, Peccadilloes, Bad Calls, Backroom Hijinx, Sordid Pasts, Rotten Breaks, and Just Plain Dumb Mistakes in the Annals of American Politics"
£10.16,3,True,Patience
£15.44,4,True,"Outcast, Vol. 1: A Darkness Surrounds Him (Outcast #1)"
£48.41,1,True,orange: The Complete Collection 1 (orange: The Complete Collection #1)
£46.35,1,True,Online Marketing for Busy Authors: A Step-By-Step Guide
£14.07,3,True,On a Midnight Clear
£14.86,2,True,Obsidian (Lux #1)
£33.37,2,True,My Paris Kitchen: Recipes and Stories
£56.40,2,True,Masks and Shadows
£14.02,4,True,"Mama Tried: Traditional Italian Cooking for the Screwed, Crude, Vegan, and Tattooed"
£46.91,2,True,"Lumberjanes, Vol. 2: Friendship to the Max (Lumberjanes #5-8)"
£45.61,3,True,"Lumberjanes, Vol. 1: Beware the Kitten Holy (Lumberjanes #1-4)"
£19.92,2,True,Lumberjanes Vol. 3: A Terrible Plan (Lumberjanes #9-12)
£40.11,1,True,"Layered: Baking, Building, and Styling Spectacular Cakes"
£53.90,2,True,Judo: Seven Steps to Black Belt (an Introductory Guide for Beginners)
£35.67,5,True,Join
£22.00,4,True,In the Country We Love: My Family Divided
£28.26,5,True,Modern Romance
£10.76,1,True,Miss Peregrine’s Home for Peculiar Children (Miss Peregrine’s Peculiar Children #1)
£16.85,2,True,Louisa: The Extraordinary Life of Mrs. Adams
£13.47,3,True,Little Red
£48.56,5,True,Library of Souls (Miss Peregrine’s Peculiar Children #3)
£19.15,2,True,Large Print Heart of the Pride
£57.36,4,True,I Had a Nice Time And Other Lies...: How to find love & sh*t like that
£42.98,1,True,Hollow City (Miss Peregrine’s Peculiar Children #2)
£22.16,2,True,Grumbles
£49.43,4,True,Full Moon over Noah’s Ark: An Odyssey to Mount Ararat and Beyond
£29.99,5,True,Frostbite (Vampire Academy #2)
£21.36,1,True,Follow You Home
£29.00,1,True,First Steps for New Christians (Print Edition)
£53.53,5,True,Finders Keepers (Bill Hodges Trilogy #2)
£41.62,4,True,"Fables, Vol. 1: Legends in Exile (Fables #1)"
£54.59,4,True,Eureka Trivia 6.0
£34.95,4,True,Drive: The Surprising Truth About What Motivates Us
£37.72,5,True,Done Rubbed Out (Reightman & Bailey #1)
£35.61,3,True,Doing It Over (Most Likely To #1)
£42.16,3,True,"Deliciously Ella Every Day: Quick and Easy Recipes for Gluten-Free Snacks, Packed Lunches, and Simple Meals"
£12.84,1,True,In Her Wake
£37.32,2,True,How Music Works
£30.52,3,True,"Foolproof Preserving: A Guide to Small Batch Jams, Jellies, Pickles, Condiments, and More: A Foolproof Guide to Making Small Batch Jams, Jellies, Pickles, Condiments, and More"
£25.27,5,True,Chase Me (Paris Nights #2)
£34.53,5,True,Black Dust
£54.64,3,True,Birdsong: A Story in Pictures
£22.50,3,True,America's Cradle of Quarterbacks: Western Pennsylvania's Football Factory from Johnny Unitas to Joe Montana
£53.13,3,True,Aladdin and His Wonderful Lamp
£40.30,5,True,Worlds Elsewhere: Journeys Around Shakespeare’s Globe
£44.18,4,True,Wall and Piece
£17.66,5,True,The Four Agreements: A Practical Guide to Personal Freedom
£31.05,3,True,The Five Love Languages: How to Express Heartfelt Commitment to Your Mate
£23.82,5,True,The Elephant Tree
£36.89,1,True,The Bear and the Piano
£15.94,5,True,Sophie's World
£33.29,3,True,Penny Maybe
£18.02,2,True,Maude (1883-1993):She Grew Up with the country
£19.63,1,True,"In a Dark, Dark Wood"
£52.22,4,True,Behind Closed Doors
£33.63,2,True,You can't bury them all: Poems
£19.19,5,True,Dark Notes
£19.43,3,True,"Daring Greatly: How the Courage to Be Vulnerable Transforms the Way We Live, Love, Parent, and Lead"
£49.46,4,True,Close to You
£37.80,2,True,Chasing Heaven: What Dying Taught Me About Living
£30.80,3,True,Big Magic: Creative Living Beyond Fear
£27.43,2,True,Becoming Wise: An Inquiry into the Mystery and Art of Living
£11.11,2,True,Beauty Restored (Riley Family Legacy Novellas #3)
£36.50,2,True,Batman: The Long Halloween (Batman)
£15.38,5,True,Batman: The Dark Knight Returns (Batman)
£15.48,2,True,Ayumi's Violin
£46.82,4,True,Anonymous
£18.46,3,True,Amy Meets the Saints and Sages
£36.58,1,True,Amid the Chaos
£50.54,5,True,Amatus
£12.51,5,True,Agnostic: A Spirited Manifesto
£24.70,3,True,Zealot: The Life and Times of Jesus of Nazareth
£43.61,5,True,You (You #1)
£37.34,4,True,"Wonder Woman: Earth One, Volume One (Wonder Woman: Earth One #1)"
£14.36,2,True,Wild Swans
£52.65,4,True,Why the Right Went Wrong: Conservatism--From Goldwater to the Tea Party and Beyond
£22.13,4,True,Code Name Verity (Code Name Verity #1)
£44.14,1,True,Clockwork Angel (The Infernal Devices #1)
£56.02,4,True,City of Glass (The Mortal Instruments #3)
£11.23,4,True,City of Fallen Angels (The Mortal Instruments #4)
£43.28,1,True,City of Bones (The Mortal Instruments #1)
£47.27,1,True,City of Ashes (The Mortal Instruments #2)
£20.29,4,True,Cell
£50.83,3,True,Catching Jordan (Hundred Oaks)
£31.85,3,True,"Carry On, Warrior: Thoughts on Life Unarmed"
£46.23,2,True,Carrie
£37.80,4,True,Buying In: The Secret Dialogue Between What We Buy and Who We Are
£49.32,5,True,Brain on Fire: My Month of Madness
£32.01,2,True,Batman: Europa
£28.01,1,True,Barefoot Contessa Back to Basics
£26.20,1,True,The Midnight Watch: A Novel of the Titanic and the Californian
£33.26,2,True,The Lonely City: Adventures in the Art of Being Alone
£59.15,4,True,The Gray Rhino: How to Recognize and Act on the Obvious Dangers We Ignore
£39.43,1,True,The Golden Condom: And Other Essays on Love Lost and Found
£14.44,5,True,The Epidemic (The Program 0.6)
£56.54,2,True,The Dinner Party
£59.90,3,True,The Diary of a Young Girl
£11.88,3,True,The Children
£48.05,2,True,Stars Above (The Lunar Chronicles #4.5)
£21.21,3,True,Snatched: How A Drug Queen Went Undercover for the DEA and Was Kidnapped By Colombian Guerillas
£49.67,4,True,Raspberry Pi Electronics Projects for the Evil Genius
£43.14,1,True,Quench Your Own Thirst: Business Lessons Learned Over a Beer or Two
£36.97,5,True,Psycho: Sanitarium (Psycho #1.5)
£26.80,3,True,Poisonous (Max Revere Novels #3)
£15.71,4,True,One with You (Crossfire #5)
£54.65,4,True,No Love Allowed (Dodge Cove #1)
£54.36,4,True,Murder at the 42nd Street Library (Raymond Ambler #1)
£35.28,3,True,Most Wanted
£20.55,2,True,"Love, Lies and Spies"
£58.32,5,True,How to Speak Golf: An Illustrated Guide to Links Lingo
£50.62,5,True,Barefoot Contessa at Home: Everyday Recipes You'll Make Over and Over Again
£17.03,3,True,Balloon Animals
£48.80,3,True,Art Ops Vol. 1
£58.14,4,True,Aristotle and Dante Discover the Secrets of the Universe (Aristotle and Dante Discover the Secrets of the Universe #1)
£34.20,2,True,Angels Walking (Angels Walking #1)
£51.48,3,True,Angels & Demons (Robert Langdon #1)
£28.82,1,True,Hold Your Breath (Search and Rescue #1)
£58.79,3,True,Hamilton: The Revolution
£10.23,5,True,Greek Mythic History
£30.03,5,True,God: The Most Unpleasant Character in All Fiction
£45.84,3,True,Glory over Everything: Beyond The Kitchen House
£49.05,3,True,Feathers: Displays of Brilliant Plumage
£15.06,4,True,"Far & Away: Places on the Brink of Change: Seven Continents, Twenty-Five Years"
£46.47,3,True,Every Last Word
£27.09,3,True,Eligible (The Austen Project #4)
£57.62,5,True,El Deafo
£14.39,4,True,Eight Hundred Grapes
£51.75,5,True,"Eaternity: More than 150 Deliciously Easy Vegan Recipes for a Long, Healthy, Satisfied, Joyful Life"
£54.07,2,True,"Eat Fat, Get Thin"
£55.35,1,True,Don't Get Caught
£40.12,2,True,Doctor Sleep (The Shining #2)
£37.51,5,True,Demigods & Magicians: Percy and Annabeth Meet the Kanes (Percy Jackson & Kane Chronicles Crossover #1-3)
£11.21,5,True,Dear Mr. Knightley
£36.58,1,True,Daily Fantasy Sports
£47.72,2,True,Crazy Love: Overwhelmed by a Relentless God
£25.01,3,True,Cometh the Hour (The Clifton Chronicles #6)
£29.87,5,True,All the Light We Cannot See
£10.90,2,True,"Adulthood Is a Myth: A ""Sarah's Scribbles"" Collection"
£56.37,5,True,Abstract City
£48.35,5,True,A Time of Torment (Charlie Parker #14)
£16.73,2,True,A Study in Scarlet (Sherlock Holmes #1)
£56.48,2,True,"A Series of Catastrophes and Miracles: A True Story of Love, Science, and Cancer"
£40.79,2,True,A People's History of the United States
£39.72,1,True,A Man Called Ove
£14.58,3,True,A Distant Mirror: The Calamitous 14th Century
£55.51,1,True,A Brush of Wings (Angels Walking #3)
£21.80,3,True,1491: New Revelations of the Americas Before Columbus
£13.33,3,True,"The Three Searches, Meaning, and the Story"
£38.73,1,True,Searching for Meaning in Gailana
£37.86,4,True,Rook
£11.53,2,True,My Kitchen Year: 136 Recipes That Saved My Life
£27.06,1,True,13 Hours: The Inside Account of What Really Happened In Benghazi
£13.86,3,True,Will You Won't You Want Me?
£37.55,1,True,Tipping Point for Planet Earth: How Close Are We to the Edge?
£32.30,5,True,The Star-Touched Queen
£46.29,5,True,The Silent Sister (Riley MacPherson #1)
£13.34,2,True,Mothering Sunday
£16.89,5,True,"Mother, Can You Not?"
£27.18,1,True,M Train
£17.28,2,True,Lilac Girls
£45.14,1,True,Lies and Other Acts of Love
£40.85,1,True,Lab Girl
£20.46,4,True,Keep Me Posted
£56.27,3,True,It Didn't Start with You: How Inherited Family Trauma Shapes Who We Are and How to End the Cycle
£48.49,4,True,Grey (Fifty Shades #4)
£51.34,4,True,"Exit, Pursued by a Bear"
£16.34,3,True,Daredevils
£20.50,3,True,Cravings: Recipes for What You Want to Eat
£21.59,5,True,Born for This: How to Find the Work You Were Meant to Do
£21.36,4,True,Arena
£20.88,5,True,Adultery
£19.53,3,True,A Mother's Reckoning: Living in the Aftermath of Tragedy
£14.75,5,True,A Gentleman's Position (Society of Gentlemen #3)
£48.48,3,True,11/22/63
£24.57,2,True,"10% Happier: How I Tamed the Voice in My Head, Reduced Stress Without Losing My Edge, and Found Self-Help That Actually Works"
£49.71,5,True,10-Day Green Smoothie Cleanse: Lose Up to 15 Pounds in 10 Days!
£45.58,1,True,Swell: A Year of Waves
£11.89,5,True,Superman Vol. 1: Before Truth (Superman by Gene Luen Yang #1)
£26.41,3,True,Still Life with Bread Crumbs
£39.50,5,True,Steve Jobs
£44.74,4,True,Sorting the Beef from the Bull: The Science of Food Fraud Forensics
£52.79,5,True,Someone Like You (The Harrisons #2)
£35.43,4,True,"So Cute It Hurts!!, Vol. 6 (So Cute It Hurts!! #6)"
£55.84,4,True,Shtum
£48.87,3,True,See America: A Celebration of Our National Parks & Treasured Sites
£46.78,4,True,salt.
£47.82,3,True,Robin War
£25.48,2,True,"Red Hood/Arsenal, Vol. 1: Open for Business (Red Hood/Arsenal #1)"
£23.57,3,True,Rain Fish
£50.89,5,True,"Quarter Life Poetry: Poems for the Young, Broke and Hangry"
£10.56,3,True,Pet Sematary
£52.15,3,True,"Overload: How to Unplug, Unwind, and Unleash Yourself from the Pressure of Stress"
£18.28,2,True,Once Was a Time
£11.83,5,True,Old School (Diary of a Wimpy Kid #10)
£21.95,2,True,No Dream Is Too High: Life Lessons From a Man Who Walked on the Moon
£38.39,2,True,"Naruto (3-in-1 Edition), Vol. 14: Includes Vols. 40, 41 & 42 (Naruto: Omnibus #14)"
£41.56,1,True,My Name Is Lucy Barton
£24.48,3,True,My Mrs. Brown
£40.36,1,True,My Kind of Crazy
£28.90,1,True,Mr. Mercedes (Bill Hodges Trilogy #1)
£37.61,2,True,More Than Music (Chasing the Dream #1)
£38.85,5,True,Made to Stick: Why Some Ideas Survive and Others Die
£53.95,3,True,Luis Paints the World
£49.83,3,True,Luckiest Girl Alive
£51.51,2,True,Lowriders to the Center of the Earth (Lowriders in Space #2)
£18.03,1,True,Love Is a Mix Tape (Music #1)
£29.14,5,True,Looking for Lovely: Collecting the Moments that Matter
£46.91,4,True,"Living Leadership by Insight: A Good Leader Achieves, a Great Leader Builds Monuments"
£26.79,5,True,Let It Out: A Journey Through Journaling
£16.28,5,True,Lady Midnight (The Dark Artifices #1)
£19.55,1,True,"It's All Easy: Healthy, Delicious Weeknight Meals in under 30 Minutes"
£29.65,1,True,Island of Dragons (Unwanteds #7)
£25.98,4,True,I Know What I'm Doing -- and Other Lies I Tell Myself: Dispatches from a Life Under Construction
£10.60,4,True,I Am Pilgrim (Pilgrim #1)
£14.75,5,True,"Hyperbole and a Half: Unfortunate Situations, Flawed Coping Mechanisms, Mayhem, and Other Things That Happened"
£47.02,3,True,"Hush, Hush (Hush, Hush #1)"
£11.84,1,True,Hide Away (Eve Duncan #20)
£41.46,4,True,Furiously Happy: A Funny Book About Horrible Things
£20.10,5,True,Everyday Italian: 125 Simple and Delicious Recipes
£56.86,1,True,Equal Is Unfair: America's Misguided Fight Against Income Inequality
£56.51,5,True,Eleanor & Park
£40.83,4,True,Dirty (Dive Bar #1)
£48.64,1,True,Can You Keep a Secret? (Fear Street Relaunch #4)
£59.48,3,True,Boar Island (Anna Pigeon #19)
£39.01,4,True,A Paris Apartment
£38.77,1,True,"A la Mode: 120 Recipes in 60 Pairings: Pies, Tarts, Cakes, Crisps, and More Topped with Ice Cream, Gelato, Frozen Custard, and More"
£48.39,2,True,Troublemaker: Surviving Hollywood and Scientology
£27.26,2,True,The Widow
£11.68,4,True,"The Sleep Revolution: Transforming Your Life, One Night at a Time"
£59.45,1,True,The Improbability of Love
£21.00,3,True,The Art of Startup Fundraising
£53.98,3,True,Take Me Home Tonight (Rock Star Romance #3)
£48.74,1,True,Sleeping Giants (Themis Files #1)
£21.15,2,True,"Setting the World on Fire: The Brief, Astonishing Life of St. Catherine of Siena"
£13.71,3,True,Playing with Fire
£47.67,3,True,Off the Hook (Fishing for Trouble #1)
£14.10,5,True,Roller Girl
£21.82,3,True,Rising Strong
£54.21,1,True,Proofs of God: Classical Arguments from Tertullian to Barth
£31.19,4,True,Please Kill Me: The Uncensored Oral History of Punk
£53.64,5,True,Out of Print: City Lights Spotlight No. 14
£36.39,5,True,My Life Next Door (My Life Next Door )
£58.54,2,True,Miller's Valley
£29.48,3,True,Man's Search for Meaning
£25.06,2,True,"Love That Boy: What Two Presidents, Eight Road Trips, and My Son Taught Me About a Parent's Expectations"
£12.55,3,True,Living Forward: A Proven Plan to Stop Drifting and Get the Life You Want
£29.04,5,True,Les Fleurs du Mal
£40.72,2,True,Left Behind (Left Behind #1)
£45.05,5,True,Kill 'Em and Leave: Searching for James Brown and the American Soul
£47.13,1,True,Kierkegaard: A Christian Missionary to Christians
£20.22,4,True,John Vassos: Industrial Design for Modern Life
£56.48,1,True,I'll Give You the Sun
£44.21,1,True,I Will Find You
£21.96,4,True,Hystopia: A Novel
£40.45,2,True,Howl and Other Poems
£10.29,4,True,History of Beauty
£52.86,2,True,Heaven is for Real: A Little Boy's Astounding Story of His Trip to Heaven and Back
£55.65,5,True,Future Shock (Future Shock #1)
£43.64,1,True,Ender's Game (The Ender Quintet #1)
£28.41,1,True,Diary of a Citizen Scientist: Chasing Tiger Beetles and Other New Ways of Engaging the World
£37.51,4,True,Death by Leisure: A Cautionary Tale
£11.45,3,True,Brilliant Beacons: A History of the American Lighthouse
£19.22,2,True,Brazen: The Courage to Find the You That's Been Hiding
£56.91,4,True,Between the World and Me
£55.06,4,True,Being Mortal: Medicine and What Matters in the End
£13.20,3,True,"A Murder Over a Girl: Justice, Gender, Junior High"
£53.63,2,True,32 Yolks
£44.48,5,True,"""Most Blessed of the Patriarchs"": Thomas Jefferson and the Empire of the Imagination"
£12.08,3,True,You Are a Badass: How to Stop Doubting Your Greatness and Start Living an Awesome Life
£22.14,2,True,Wildlife of New York: A Five-Borough Coloring Book
£25.37,5,True,What Happened on Beale Street (Secrets of the South Mysteries #2)
£46.33,2,True,Unreasonable Hope: Finding Faith in the God Who Brings Purpose to Your Pain
£37.33,3,True,Under the Tuscan Sun
£25.55,1,True,Toddlers Are A**holes: It's Not Your Fault
£34.72,1,True,The Year of Living Biblically: One Man's Humble Quest to Follow the Bible as Literally as Possible
£35.96,4,True,The Whale
£48.19,3,True,Benjamin Franklin: An American Life
£29.93,5,True,"At The Existentialist Café: Freedom, Being, and apricot cocktails with: Jean-Paul Sartre, Simone de Beauvoir, Albert Camus, Martin Heidegger, Edmund Husserl, Karl Jaspers, Maurice Merleau-Ponty and others"
£44.34,2,True,A Summer In Europe
£52.40,5,True,A Short History of Nearly Everything
£44.81,4,True,A Gathering of Shadows (Shades of Magic #2)
£57.84,5,True,The Sound Of Love
£39.67,2,True,The Rise and Fall of the Third Reich: A History of Nazi Germany
£55.02,3,True,The Perks of Being a Wallflower
£24.80,4,True,The Mysterious Affair at Styles (Hercule Poirot #1)
£59.45,4,True,The Man Who Mistook His Wife for a Hat and Other Clinical Tales
£31.58,2,True,The Makings of a Fatherless Child
£43.27,4,True,The Joy of Cooking
£37.34,1,True,The Invention of Wings
£17.80,5,True,The Hobbit (Middle-Earth Universe)
£30.54,1,True,The Great Railway Bazaar
£18.77,1,True,The Golden Compass (His Dark Materials #1)
£46.85,3,True,The God Delusion
£15.79,1,True,The Girl You Left Behind (The Girl You Left Behind #1)
£10.27,2,True,The Fellowship of the Ring (The Lord of the Rings #1)
£15.42,5,True,The Collected Poems of W.B. Yeats (The Collected Works of W.B. Yeats #1)
£35.92,2,True,Chernobyl 01:23:40: The Incredible True Story of the World's Worst Nuclear Disaster
£48.63,4,True,Art and Fear: Observations on the Perils (and Rewards) of Artmaking
£56.63,3,True,A Shard of Ice (The Black Symphony Saga #1)
£50.49,3,True,A Hero's Curse (The Unseen Chronicles #1)
£35.79,2,True,23 Degrees South: A Tropical Tale of Changing Whether...
£34.06,3,True,"Zero to One: Notes on Startups, or How to Build the Future"
£17.76,1,True,Why Not Me?
£39.36,2,True,When Breath Becomes Air
£36.94,2,True,Vagabonding: An Uncommon Guide to the Art of Long-Term World Travel
£43.62,5,True,The Unlikely Pilgrimage of Harold Fry (Harold Fry #1)
£43.02,3,True,The New Drawing on the Right Side of the Brain
£28.45,4,True,"The Midnight Assassin: Panic, Scandal, and the Hunt for America's First Serial Killer"
£41.39,2,True,The Martian (The Martian #1)
£51.15,1,True,The High Mountains of Portugal
£35.88,1,True,The Grownup
£36.91,1,True,The E-Myth Revisited: Why Most Small Businesses Don't Work and What to Do About It
£28.93,1,True,South of Sunshine
£38.89,5,True,Smarter Faster Better: The Secrets of Being Productive in Life and Business
£58.33,3,True,Silence in the Dark (Logan Point #4)
£39.67,5,True,Shadows of the Past (Logan Point #1)
£48.27,5,True,Without Shame
£58.05,4,True,Watchmen
£58.87,4,True,Unlimited Intuition Now
£11.82,2,True,Underlying Notes
£28.03,1,True,The Shack
£44.05,5,True,The New Brand You: Your New Image Makes the Sale for You
£12.34,4,True,"The Moosewood Cookbook: Recipes from Moosewood Restaurant, Ithaca, New York"
£16.68,2,True,The Flowers Lied
£55.91,1,True,"The Fabric of the Cosmos: Space, Time, and the Texture of Reality"
£24.57,3,True,The Book of Mormon
£52.98,5,True,The Art and Science of Low Carbohydrate Living
£54.40,1,True,The Alien Club
£54.81,5,True,Suzie Snowflake: One beautiful flake (a self-esteem story)
£25.08,1,True,Nap-a-Roo
£10.41,4,True,"NaNo What Now? Finding your editing process, revising your NaNoWriMo book and building a writing career through publishing and beyond"
£47.44,2,True,Modern Day Fables
£20.91,1,True,If I Gave You God's Phone Number....: Searching for Spirituality in America
£33.95,4,True,"Fruits Basket, Vol. 9 (Fruits Basket #9)"
£43.68,3,True,Dress Your Family in Corduroy and Denim
£33.23,1,True,Don't Forget Steven
£32.97,4,True,World Without End (The Pillars of the Earth #2)
£47.31,4,True,"Will Grayson, Will Grayson (Will Grayson, Will Grayson)"
£48.67,2,True,Why Save the Bankers?: And Other Essays on Our Economic and Political Crisis
£41.73,4,True,Where She Went (If I Stay #2)
£53.68,4,True,What If?: Serious Scientific Answers to Absurd Hypothetical Questions
£14.64,1,True,Two Summers
£38.40,1,True,This Is Your Brain on Music: The Science of a Human Obsession
£15.08,4,True,The Secret Garden
£30.57,2,True,The Raven King (The Raven Cycle #4)
£57.74,4,True,The Raven Boys (The Raven Cycle #1)
£11.05,5,True,The Power Greens Cookbook: 140 Delicious Superfood Recipes
£28.58,1,True,The Metamorphosis
£42.91,5,True,The Mathews Men: Seven Brothers and the War Against Hitler's U-boats
£24.73,3,True,The Little Paris Bookshop
£55.91,4,True,The Hiding Place
£13.76,3,True,The Grand Design
£45.56,3,True,The Firm
£47.22,1,True,The Fault in Our Stars
£56.00,5,True,The False Prince (The Ascendance Trilogy #1)
£44.58,2,True,The Expatriates
£48.13,5,True,Isla and the Happily Ever After (Anna and the French Kiss #3)
£38.13,5,True,If I Stay (If I Stay #1)
£36.55,2,True,I Know Why the Caged Bird Sings (Maya Angelou's Autobiography #1)
£23.32,1,True,Harry Potter and the Deathly Hallows (Harry Potter #7)
£16.33,1,True,"Fruits Basket, Vol. 5 (Fruits Basket #5)"
£32.42,1,True,Foundation (Foundation (Publication Order) #1)
£16.96,1,True,Fool Me Once
£22.37,1,True,Find Her (Detective D.D. Warren #8)
£42.27,1,True,Evicted: Poverty and Profit in the American City
£38.70,2,True,Drama
£35.63,5,True,Dracula the Un-Dead
£58.00,5,True,Digital Fortress
£52.41,1,True,"Death Note, Vol. 5: Whiteout (Death Note #5)"
£32.35,3,True,"Data, A Love Story: How I Gamed Online Dating to Meet My Match"
£20.75,1,True,Critique of Pure Reason
£17.49,5,True,Booked
£34.13,5,True,"Blue Lily, Lily Blue (The Raven Cycle #3)"
£58.81,5,True,Approval Junkie: Adventures in Caring Too Much
£10.00,5,True,An Abundance of Katherines
£51.22,2,True,America's War for the Greater Middle East: A Military History
£59.92,5,True,The Barefoot Contessa Cookbook
£50.96,2,True,Tell the Wolves I'm Home
£30.60,3,True,Ship Leaves Harbor: Essays on Travel by a Recovering Journeyman
£19.27,4,True,Pride and Prejudice
£46.58,1,True,Musicophilia: Tales of Music and the Brain
£48.51,3,True,Mere Christianity
£19.02,1,True,Me Before You (Me Before You #1)
£38.38,2,True,In the Woods (Dublin Murder Squad #1)
£49.98,4,True,In Cold Blood
£46.49,5,True,How to Stop Worrying and Start Living
£18.32,2,True,Give It Back
£42.14,3,True,"Girl, Interrupted"
£56.59,4,True,Fun Home: A Family Tragicomic
£20.96,4,True,"Fruits Basket, Vol. 6 (Fruits Basket #6)"
£40.32,4,True,Deception Point
£36.39,3,True,"Death Note, Vol. 6: Give-and-Take (Death Note #6)"
£58.55,4,True,Catherine the Great: Portrait of a Woman
£39.61,3,True,Better Homes and Gardens New Cook Book
£21.30,3,True,An Unquiet Mind: A Memoir of Moods and Madness
£56.88,4,True,A Year in Provence (Provence #1)
£58.59,4,True,Alight (The Generations Trilogy #2)
£31.30,1,True,A Girl's Guide to Moving On (New Beginnings #2)
£46.42,2,True,A Game of Thrones (A Song of Ice and Fire #1)
£17.21,4,True,A Feast for Crows (A Song of Ice and Fire #4)
£10.79,3,True,A Clash of Kings (A Song of Ice and Fire #2)
£52.35,4,True,Vogue Colors A to Z: A Fashion Coloring Book
£27.88,3,True,The Shining (The Shining #1)
£50.26,2,True,The Pilgrim's Progress
£59.99,3,True,The Perfect Play (Play by Play #1)
£28.32,5,True,The Passion of Dolssa
£38.71,3,True,The Jazz of Physics: The Secret Link Between Music and the Structure of the Universe
£29.85,5,True,The Hunger Games (The Hunger Games #1)
£14.82,2,True,The Hound of the Baskervilles (Sherlock Holmes #5)
£16.81,4,True,The Gunning of America: Business and the Making of American Gun Culture
£28.23,2,True,The Geography of Bliss: One Grump's Search for the Happiest Places in the World
£52.11,2,True,The Demonists (Demonist #1)
£27.88,2,True,"The Demon Prince of Momochi House, Vol. 4 (The Demon Prince of Momochi House #4)"
£59.71,3,True,The Bone Hunters (Lexy Vaughan & Steven Macaulay #2)
£46.08,5,True,The Beast (Black Dagger Brotherhood #14)
£13.73,5,True,Some Women
£38.20,4,True,Whole Lotta Creativity Going On: 60 Fun and Unusual Exercises to Awaken and Strengthen Your Creativity
£19.60,2,True,What's It Like in Space?: Stories from Astronauts Who've Been There
£53.90,1,True,"We Are Robin, Vol. 1: The Vigilante Business (We Are Robin #1)"
£12.96,5,True,Walt Disney's Alice in Wonderland
£37.10,4,True,V for Vendetta (V for Vendetta Complete)
£46.31,2,True,Until Friday Night (The Field Party #1)
£45.95,2,True,"Unbroken: A World War II Story of Survival, Resilience, and Redemption"
£22.08,2,True,Twenty Yawns
£25.38,2,True,Through the Woods
£27.12,2,True,This Is Where It Ends
£43.04,2,True,The Year of Magical Thinking
£56.80,4,True,The Wright Brothers
£25.91,5,True,The White Queen (The Cousins' War #1)
£32.61,3,True,The Wedding Pact (The O'Malleys #2)
£27.88,5,True,The Time Keeper
£52.67,4,True,The Testament of Mary
£46.02,5,True,The Star-Touched Queen
£44.48,5,True,The Songs of the Gods
£37.40,5,True,The Song of Achilles
£54.04,1,True,The Rosie Project (Don Tillman #1)
£48.39,5,True,Shopaholic Ties the Knot (Shopaholic #3)
£49.45,5,True,Paper and Fire (The Great Library #2)
£19.67,5,True,Outlander (Outlander #1)
£12.36,3,True,"Orchestra of Exiles: The Story of Bronislaw Huberman, the Israel Philharmonic, and the One Thousand Jews He Saved from Nazi Horrors"
£20.02,5,True,No One Here Gets Out Alive
£12.75,4,True,Night Shift (Night Shift #1-20)
£47.51,4,True,Needful Things
£20.44,4,True,Mockingjay (The Hunger Games #3)
£34.79,2,True,Misery
£28.07,4,True,Little Women (Little Women #1)
£25.01,3,True,It
£13.90,3,True,Harry Potter and the Sorcerer's Stone (Harry Potter #1)
£24.17,4,True,Harry Potter and the Prisoner of Azkaban (Harry Potter #3)
£31.63,4,True,Harry Potter and the Order of the Phoenix (Harry Potter #5)
£48.75,5,True,Harry Potter and the Half-Blood Prince (Harry Potter #6)
£14.74,1,True,Harry Potter and the Chamber of Secrets (Harry Potter #2)
£32.49,3,True,Gone with the Wind
£27.80,1,True,God Is Not Great: How Religion Poisons Everything
£26.77,1,True,Girl With a Pearl Earring
£50.44,4,True,"Fruits Basket, Vol. 4 (Fruits Basket #4)"
£34.50,1,True,The Dream Thieves (The Raven Cycle #2)
£11.33,5,True,The Darkest Corners
£38.77,4,True,The Crossover
£11.83,2,True,The 5th Wave (The 5th Wave #1)
£45.51,3,True,Tell the Wind and Fire
£41.81,1,True,Tell Me Three Things
£25.15,4,True,Talking to Girls About Duran Duran: One Young Man's Quest for True Love and a Cooler Haircut
£34.22,5,True,Siddhartha
£16.23,5,True,Shiver (The Wolves of Mercy Falls #1)
£11.48,3,True,Remember Me?
£23.37,3,True,Red Dragon (Hannibal Lecter #1)
£16.28,2,True,Peak: Secrets from the New Science of Expertise
£31.63,4,True,My Mother Was Nuts
£24.91,5,True,Mexican Today: New and Rediscovered Recipes for Contemporary Kitchens
£22.54,1,True,Maybe Something Beautiful: How Art Transformed a Neighborhood
£23.63,4,True,Lola and the Boy Next Door (Anna and the French Kiss #2)
£13.12,2,True,Logan Kade (Fallen Crest High #5.5)
£59.98,3,True,Last One Home (New Beginnings #1)
£31.49,4,True,Killing Floor (Jack Reacher #1)
£15.52,5,True,Kill the Boy Band
£32.36,3,True,Walk the Edge (Thunder Road #2)
£21.07,5,True,Voyager (Outlander #3)
£50.66,3,True,Very Good Lives: The Fringe Benefits of Failure and the Importance of Imagination
£13.66,2,True,Vegan Vegetarian Omnivore: Dinner for Everyone at the Table
£58.09,1,True,"Unstuffed: Decluttering Your Home, Mind, and Soul"
£30.00,1,True,Under the Banner of Heaven: A Story of Violent Faith
£32.74,2,True,Two Boys Kissing
£41.93,2,True,Twilight (Twilight #1)
£42.80,2,True,Twenties Girl
£53.51,1,True,"Trespassing Across America: One Man's Epic, Never-Done-Before (and Sort of Illegal) Hike Across the Heartland"
£23.21,3,True,Three-Martini Lunch
£21.14,1,True,"Thinking, Fast and Slow"
£56.07,3,True,The Wild Robot
£14.41,3,True,"The Wicked + The Divine, Vol. 3: Commercial Suicide (The Wicked + The Divine)"
£45.75,4,True,The Undomestic Goddess
£15.77,1,True,The Travelers
£10.02,2,True,The Tipping Point: How Little Things Can Make a Big Difference
£48.77,1,True,The Thing About Jellyfish
£57.86,2,True,The Stand
£23.59,1,True,The Smitten Kitchen Cookbook
£33.92,3,True,The Lean Startup: How Today's Entrepreneurs Use Continuous Innovation to Create Radically Successful Businesses
£55.55,2,True,The Last Painting of Sara de Vos
£29.64,4,True,"The Land of 10,000 Madonnas"
£27.41,1,True,The Infinities
£52.51,5,True,The Husband's Secret
£47.80,3,True,The Hitchhiker's Guide to the Galaxy (Hitchhiker's Guide to the Galaxy #1)
£14.54,2,True,The Guns of August
£49.53,1,True,The Guernsey Literary and Potato Peel Pie Society
£43.58,3,True,The Goldfinch
£12.30,1,True,The Giver (The Giver Quartet #1)
£49.47,3,True,The Girl with All the Gifts
£22.14,2,True,The Girl Who Played with Fire (Millennium Trilogy #2)
£57.48,1,True,The Girl Who Kicked the Hornet's Nest (Millennium Trilogy #3)
£43.45,3,True,The Exiled
£22.13,4,True,"The End of Faith: Religion, Terror, and the Future of Reason"
£13.03,4,True,"The Elegant Universe: Superstrings, Hidden Dimensions, and the Quest for the Ultimate Theory"
£57.35,5,True,"The Disappearing Spoon: And Other True Tales of Madness, Love, and the History of the World from the Periodic Table of the Elements"
£44.29,1,True,The Devil Wears Prada (The Devil Wears Prada #1)
£52.25,4,True,The Demon-Haunted World: Science as a Candle in the Dark
£26.33,5,True,The Day the Crayons Came Home (Crayons)
£34.93,2,True,Far From True (Promise Falls Trilogy #2)
£12.87,1,True,Dark Lover (Black Dagger Brotherhood #1)
£48.94,2,True,Confessions of a Shopaholic (Shopaholic #1)
£13.38,3,True,Changing the Game (Play by Play #2)
£58.63,3,True,Candide
£21.94,1,True,Can You Keep a Secret?
£26.58,5,True,Atlas Shrugged
£57.22,3,True,Animal Farm
£56.43,1,True,A Walk to Remember
£55.65,5,True,A New Earth: Awakening to Your Life's Purpose
£27.62,1,True,"A History of God: The 4,000-Year Quest of Judaism, Christianity, and Islam"
£49.56,4,True,'Salem's Lot
£34.77,1,True,Zero History (Blue Ant #3)
£17.73,3,True,Wuthering Heights
£21.80,1,True,World War Z: An Oral History of the Zombie War
£46.02,3,True,Wild: From Lost to Found on the Pacific Crest Trail
£18.13,1,True,"Where'd You Go, Bernadette"
£30.89,5,True,When You Are Engulfed in Flames
£31.95,3,True,We the People: The Modern-Day Figures Who Have Reshaped and Affirmed the Founding Fathers' Vision of America
£24.04,1,True,We Are All Completely Beside Ourselves
£52.33,2,True,Seven Days in the Art World
£30.60,4,True,Seven Brief Lessons on Physics
£14.57,4,True,Scarlet (The Lunar Chronicles #2)
£46.29,1,True,Sarah's Key
£21.57,5,True,"Saga, Volume 3 (Saga (Collected Editions) #3)"
£12.91,4,True,Running with Scissors
£50.11,3,True,Rogue Lawyer (Rogue Lawyer #1)
£41.67,4,True,"Rise of the Rocket Girls: The Women Who Propelled Us, from Missiles to the Moon to Mars"
£44.88,2,True,Rework
£11.10,3,True,Reservations for Two
£28.54,3,True,Red: The True Story of Red Riding Hood
£19.07,4,True,Ready Player One
£43.55,1,True,Quiet: The Power of Introverts in a World That Can't Stop Talking
£43.63,3,True,Prodigy: The Graphic Novel (Legend: The Graphic Novel #2)
£39.13,1,True,Persepolis: The Story of a Childhood (Persepolis #1-2)
£56.68,2,True,Packing for Mars: The Curious Science of Life in the Void
£14.16,1,True,Outliers: The Story of Success
£31.45,3,True,Original Fake
£24.61,2,True,Orange Is the New Black
£32.87,2,True,One for the Money (Stephanie Plum #1)
£22.96,2,True,The Da Vinci Code (Robert Langdon #2)
£19.21,1,True,The Cuckoo's Calling (Cormoran Strike #1)
£26.78,4,True,The Complete Stories and Poems (The Works of Edgar Allan Poe [Cameo Edition])
£41.32,5,True,The Complete Poems
£24.55,1,True,The Catcher in the Rye
£16.26,2,True,The Cat in the Hat (Beginner Books B-1)
£47.84,1,True,The Case for Christ (Cases for Christianity)
£53.49,2,True,The Book Thief
£44.84,5,True,The Book of Basketball: The NBA According to The Sports Guy
£53.71,5,True,The Blind Side: Evolution of a Game
£23.43,2,True,The Autobiography of Malcolm X
£34.32,3,True,"The Art of Simple Food: Notes, Lessons, and Recipes from a Delicious Revolution"
£22.10,1,True,The Art of Fielding
£25.83,2,True,"Surely You're Joking, Mr. Feynman!: Adventures of a Curious Character"
£36.74,3,True,Stiff: The Curious Lives of Human Cadavers
£49.51,1,True,Spilled Milk: Based on a True Story
£48.96,5,True,Something Borrowed (Darcy & Rachel #1)
£54.62,1,True,Something Blue (Darcy & Rachel #2)
£24.72,2,True,Soldier (Talon #3)
£46.45,2,True,Shopaholic & Baby (Shopaholic #5)
£40.17,1,True,Notes from a Small Island (Notes From a Small Island #1)
£13.51,1,True,Night (The Night Trilogy #1)
£38.95,3,True,Neither Here nor There: Travels in Europe
£31.69,3,True,Naked
£29.40,1,True,Morning Star (Red Rising #3)
£57.83,1,True,"Miracles from Heaven: A Little Girl, Her Journey to Heaven, and Her Amazing Story of Healing"
£55.46,2,True,Midnight Riot (Peter Grant/ Rivers of London - books #1)
£57.60,2,True,Me Talk Pretty One Day
£34.98,2,True,Manuscript Found in Accra
£11.87,2,True,Lust & Wonder
£12.47,3,True,Lila (Gilead #3)
£33.26,2,True,"Life, the Universe and Everything (Hitchhiker's Guide to the Galaxy #3)"
£59.04,5,True,Life Without a Recipe
£26.13,2,True,Life After Life
£22.20,1,True,Letter to a Christian Nation
£45.11,1,True,Let's Pretend This Never Happened: A Mostly True Memoir
£43.69,4,True,Legend (Legend #1)
£25.02,1,True,"Lean In: Women, Work, and the Will to Lead"
£55.50,5,True,"Lamb: The Gospel According to Biff, Christ's Childhood Pal"
£53.04,5,True,Lady Renegades (Rebel Belle #3)
£16.88,3,True,The Power of Habit: Why We Do What We Do in Life and Business
£28.08,4,True,The Marriage of Opposites
£10.40,1,True,The Lucifer Effect: Understanding How Good People Turn Evil
£44.07,1,True,The Long Haul (Diary of a Wimpy Kid #9)
£23.40,1,True,The Loney
£17.43,3,True,The Literature Book (Big Ideas Simply Explained)
£54.21,2,True,The Last Mile (Amos Decker #2)
£40.67,2,True,The Immortal Life of Henrietta Lacks
£52.26,2,True,The Hidden Oracle (The Trials of Apollo #1)
£28.77,3,True,The Help Yourself Cookbook for Kids: 60 Easy Plant-Based Recipes Kids Can Make to Stay Healthy and Save the Earth
£13.82,2,True,The Guilty (Will Robie #4)
£25.85,3,True,The First Hostage (J.B. Collins #2)
£48.78,1,True,The Dovekeepers
£35.35,5,True,The Darkest Lie
£44.73,4,True,The Bane Chronicles (The Bane Chronicles #1-11)
£15.77,1,True,The Bad-Ass Librarians of Timbuktu: And Their Race to Save the World’s Most Precious Manuscripts
£39.24,1,True,The 14th Colony (Cotton Malone #11)
£13.92,1,True,That Darkness (Gardiner and Renner #1)
£10.69,1,True,Tastes Like Fear (DI Marnie Rome #3)
£45.21,3,True,Take Me with You
£46.83,2,True,Girl in the Blue Coat
£45.17,2,True,"Fruits Basket, Vol. 3 (Fruits Basket #3)"
£51.22,3,True,"Friday Night Lights: A Town, a Team, and a Dream"
£21.28,4,True,Fire Bound (Sea Haven/Sisters of the Heart #5)
£15.36,5,True,Fifty Shades Freed (Fifty Shades #3)
£38.62,1,True,Fellside
£25.40,3,True,Extreme Prey (Lucas Davenport #26)
£43.87,3,True,Eragon (The Inheritance Cycle #1)
£18.74,1,True,Eclipse (Twilight #3)
£54.86,1,True,Dune (Dune #1)
£52.62,3,True,Dracula
£51.48,1,True,Do Androids Dream of Electric Sheep? (Blade Runner #1)
£15.28,5,True,Disrupted: My Misadventure in the Start-Up Bubble
£39.24,5,True,Dead Wake: The Last Crossing of the Lusitania
£17.81,1,True,"David and Goliath: Underdogs, Misfits, and the Art of Battling Giants"
£56.02,1,True,Darkfever (Fever #1)
£23.90,5,True,Dark Places
£49.13,5,True,Crazy Rich Asians (Crazy Rich Asians #1)
£10.62,1,True,Counting Thyme
£36.17,2,True,Cosmos
£44.97,1,True,Jurassic Park (Jurassic Park #1)
£42.38,1,True,It's Never Too Late to Begin Again: Discovering Creativity and Meaning at Midlife and Beyond
£20.11,3,True,Is Everyone Hanging Out Without Me? (And Other Concerns)
£56.70,5,True,Into the Wild
£41.00,5,True,Inferno (Robert Langdon #4)
£28.85,3,True,"In the Garden of Beasts: Love, Terror, and an American Family in Hitler's Berlin"
£49.97,4,True,If I Run (If I Run #1)
£19.69,1,True,I've Got Your Number
£28.88,2,True,I Am Malala: The Girl Who Stood Up for Education and Was Shot by the Taliban
£33.14,3,True,Hungry Girl Clean & Hungry: Easy All-Natural Recipes for Healthy Eating in the Real World
£43.70,2,True,"House of Lost Worlds: Dinosaurs, Dynasties, and the Story of Life on Earth"
£54.89,1,True,House of Leaves
£37.52,2,True,Horrible Bear!
£51.07,2,True,Holidays on Ice
£44.07,4,True,Heir to the Sky
£10.79,4,True,Green Eggs and Ham (Beginner Books B-16)
£42.72,1,True,"Grayson, Vol 3: Nemesis (Grayson #3)"
£26.66,5,True,Gratitude
£37.60,5,True,Gone Girl
£42.21,4,True,Golden (Heart of Dread #3)
£36.83,5,True,Annie on My Mind
£35.01,2,True,And Then There Were None
£30.48,4,True,A Walk in the Woods: Rediscovering America on the Appalachian Trail
£14.08,5,True,A Visit from the Goon Squad
£31.22,2,True,A Storm of Swords (A Song of Ice and Fire #3)
£54.29,5,True,A Heartbreaking Work of Staggering Genius
£31.04,1,True,8 Keys to Mental Health Through Exercise
£50.96,1,True,#GIRLBOSS
£11.89,2,True,"The Suffragettes (Little Black Classics, #96)"
£31.38,3,True,The Sense of an Ending
£54.81,1,True,"The Sandman, Vol. 2: The Doll's House (The Sandman (volumes) #2)"
£16.78,3,True,The Course of Love
£24.42,1,True,Sugar Rush (Offensive Line #2)
£11.75,3,True,"Saga, Volume 2 (Saga (Collected Editions) #2)"
£20.02,1,True,"Run, Spot, Run: The Ethics of Keeping Pets"
£12.86,4,True,New Moon (Twilight #2)
£31.58,5,True,Life
£34.00,3,True,Kindle Paperwhite User's Guide
£57.42,5,True,H is for Hawk
£53.47,1,True,Girl Online On Tour (Girl Online #2)
£23.05,5,True,The Silkworm (Cormoran Strike #2)
£55.55,5,True,"The Sandman, Vol. 3: Dream Country (The Sandman (volumes) #3)"
£58.64,4,True,The Rose & the Dagger (The Wrath and the Dawn #2)
£23.21,1,True,The Road to Little Dribbling: Adventures of an American in Britain (Notes From a Small Island #2)
£42.57,3,True,The Rise of Theodore Roosevelt (Theodore Roosevelt #1)
£10.92,1,True,The Restaurant at the End of the Universe (Hitchhiker's Guide to the Galaxy #2)
£34.77,1,True,The Rest Is Noise: Listening to the Twentieth Century
£35.66,5,True,The Red Tent
£37.19,3,True,The Purpose Driven Life: What on Earth Am I Here for?
£12.25,1,True,The Purest Hook (Second Circle Tattoos #3)
£29.70,2,True,The Picture of Dorian Gray
£36.80,3,True,The Paris Wife
£45.43,1,True,The Obsession
£26.26,4,True,The Nightingale
£44.92,3,True,The New Guy (and Other Senior Year Distractions)
£52.53,5,True,The Nanny Diaries (Nanny #1)
£37.25,2,True,The Name of God is Mercy
£20.93,1,True,The Maze Runner (The Maze Runner #1)
£58.09,2,True,The Lover's Dictionary
£43.59,5,True,The Lonely Ones
£34.56,3,True,The Secret Healer
£54.12,3,True,"The Sandman, Vol. 1: Preludes and Nocturnes (The Sandman (volumes) #1)"
£33.78,3,True,The Republic
£29.64,3,True,The Odyssey
£57.70,4,True,The No. 1 Ladies' Detective Agency (No. 1 Ladies' Detective Agency #1)
£36.34,1,True,The Nicomachean Ethics
£50.59,3,True,The Name of the Wind (The Kingkiller Chronicle #1)
£29.38,1,True,The Mirror & the Maze (The Wrath and the Dawn #1.5)
£45.42,2,True,The Little Prince
£54.43,1,True,The Light of the Fireflies
£36.26,2,True,The Last Girl (The Dominion Trilogy #1)
£16.16,1,True,The Iliad
£36.29,5,True,The Hook Up (Game On #1)
£27.89,5,True,The Haters
£12.29,5,True,The Girl You Lost
£15.85,3,True,The Girl In The Ice (DCI Erika Foster #1)
£14.40,1,True,The End of the Jesus Era (An Investigation #1)
£19.18,4,True,The Edge of Reason (Bridget Jones #2)
£10.64,3,True,The Complete Maus (Maus #1-2)
£14.76,3,True,The Communist Manifesto
£59.95,2,True,Civilization and Its Discontents
£26.09,1,True,Cinder (The Lunar Chronicles #1)
£37.35,2,True,Catastrophic Happiness: Finding Joy in Childhood's Messy Years
£24.72,2,True,Career of Evil (Cormoran Strike #3)
£35.28,5,True,Breaking Dawn (Twilight #4)
£51.32,5,True,Brave Enough
£21.12,3,True,Boy Meets Boy
£27.35,2,True,"Born to Run: A Hidden Tribe, Superathletes, and the Greatest Race the World Has Never Seen"
£21.74,5,True,Blink: The Power of Thinking Without Thinking
£40.87,1,True,Black Flags: The Rise of ISIS
£49.31,1,True,"Black Butler, Vol. 1 (Black Butler #1)"
£22.11,1,True,Big Little Lies
£20.79,5,True,Between Shades of Gray
£27.41,2,True,Best of My Love (Fool's Gold #20)
£38.35,2,True,Beowulf
£21.55,5,True,Beautiful Creatures (Caster Chronicles #1)
£38.02,2,True,Awkward
£22.06,4,True,Ash
£10.66,3,True,Are We There Yet?
£56.58,1,True,Are We Smart Enough to Know How Smart Animals Are?
£32.36,3,True,On the Road (Duluoz Legend)
£55.66,2,True,Old Records Never Die: One Man's Quest for His Vinyl and His Past
£39.45,5,True,Off Sides (Off #1)
£47.11,2,True,Of Mice and Men
£58.75,4,True,Myriad (Prentor #1)
£38.92,2,True,My Perfect Mistake (Over the Top #1)
£39.39,4,True,"Ms. Marvel, Vol. 1: No Normal (Ms. Marvel (2014-2015) #1)"
£25.89,2,True,Meditations
£28.34,1,True,Matilda
£27.70,4,True,Lost Among the Living
£24.89,3,True,Lord of the Flies
£58.99,3,True,Listen to Me (Fusion #1)
£57.20,5,True,Kitchens of the Great Midwest
£38.43,5,True,Jane Eyre
£34.74,4,True,Imperfect Harmony
£40.44,4,True,Icing (Aces Hockey #2)
£45.24,3,True,"Hawkeye, Vol. 1: My Life as a Weapon (Hawkeye #1)"
£34.96,4,True,Having the Barbarian's Baby (Ice Planet Barbarians #7.5)
£56.76,4,True,"Giant Days, Vol. 1 (Giant Days #1-4)"
£40.28,5,True,"Fruits Basket, Vol. 1 (Fruits Basket #1)"
£11.64,5,True,"Fruits Basket, Vol. 2 (Fruits Basket #2)"
£52.88,4,True,Diary of a Minecraft Zombie Book 1: A Scare of a Dare (An Unofficial Minecraft Book)
£18.51,4,True,"Y: The Last Man, Vol. 1: Unmanned (Y: The Last Man #1)"
£41.32,5,True,While You Were Mine
£39.77,3,True,Where Lightning Strikes (Bleeding Stars #3)
£51.96,3,True,When I'm Gone
£39.51,5,True,Ways of Seeing
£15.40,1,True,"Vampire Knight, Vol. 1 (Vampire Knight #1)"
£53.82,2,True,Vampire Girl (Vampire Girl #1)
£30.95,4,True,Twenty Love Poems and a Song of Despair
£57.82,5,True,Travels with Charley: In Search of America
£44.18,2,True,Three Wishes (River of Time: California #1)
£48.71,1,True,This One Moment (Pushing Limits #1)
£19.69,5,True,The Zombie Room
£36.52,2,True,"The Wicked + The Divine, Vol. 1: The Faust Act (The Wicked + The Divine)"
£41.56,5,True,The Tumor
£43.19,4,True,The Story of Hong Gildong
£12.34,5,True,The Silent Wife
£36.25,3,True,The Silent Twin (Detective Jennifer Knight #3)
£29.45,1,True,The Selfish Gene
£38.00,2,True,Frankenstein
£28.80,3,True,Forever Rockers (The Rocker #12)
£39.24,3,True,Fighting Fate (Fighting #6)
£32.93,2,True,Emma
£51.32,3,True,"Eat, Pray, Love"
£47.09,5,True,Deep Under (Walker Security #1)
£28.42,4,True,Choosing Our Religion: The Spiritual Lives of America's Nones
£22.85,3,True,Charlie and the Chocolate Factory (Charlie Bucket #1)
£41.24,1,True,Charity's Cross (Charles Towne Belles #4)
£39.07,5,True,Bright Lines
£29.82,1,True,Bridget Jones's Diary (Bridget Jones #1)
£37.26,4,True,Bounty (Colorado Mountain #7)
£20.30,3,True,Blood Defense (Samantha Brinkman #1)
£34.65,5,True,"Bleach, Vol. 1: Strawberry and the Soul Reapers (Bleach #1)"
£43.38,1,True,Beyond Good and Evil
£55.53,1,True,Alice in Wonderland (Alice's Adventures in Wonderland #1)
£57.06,4,True,"Ajin: Demi-Human, Volume 1 (Ajin: Demi-Human #1)"
£16.97,5,True,A Spy's Devotion (The Regency Spies of London #1)
£53.98,1,True,1st to Die (Women's Murder Club #1)
£26.08,5,True,"1,000 Places to See Before You Die"
£57.49,3,True,The Bhagavad Gita
£30.66,3,True,The Bette Davis Club
£40.83,4,True,The Art of Not Breathing
£18.88,2,True,Taking Shots (Assassins #1)
£25.83,3,True,Starlark
£42.12,3,True,"Skip Beat!, Vol. 01 (Skip Beat! #1)"
£13.33,3,True,Sister Sable (The Mad Queen #1)
£42.40,1,True,Shatter Me (Shatter Me #1)
£58.35,3,True,Shameless
£21.72,4,True,Shadow Rites (Jane Yellowrock #10)
£44.91,2,True,Settling the Score (The Summer Games #1)
£37.46,1,True,Sense and Sensibility
£28.48,1,True,"Saga, Volume 1 (Saga (Collected Editions) #1)"
£28.34,2,True,"Rhythm, Chord & Malykhin"
£46.96,5,True,"Rat Queens, Vol. 1: Sass & Sorcery (Rat Queens (Collected Editions) #1-5)"
£24.96,1,True,Paradise Lost (Paradise #1)
£21.71,4,True,"Paper Girls, Vol. 1 (Paper Girls #1-5)"
£29.87,3,True,"Ouran High School Host Club, Vol. 1 (Ouran High School Host Club #1)"
£28.99,1,True,Origins (Alphas 0.5)
£52.94,2,True,One Second (Seven #7)
£41.14,4,True,The Story of Art
£10.01,4,True,The Origin of Species
£36.05,4,True,The Great Gatsby
£49.03,3,True,The Good Girl
£16.24,1,True,The Glass Castle
£39.55,1,True,The Faith of Christopher Hitchens: The Restless Soul of the World's Most Notorious Atheist
£35.67,3,True,The Drowning Girls
£16.62,3,True,The Constant Princess (The Tudor Court #1)
£42.78,4,True,The Bourne Identity (Jason Bourne #1)
£52.30,5,True,The Bachelor Girl's Guide to Murder (Herringford and Watts Mysteries #1)
£32.34,2,True,The Art Book
£33.17,4,True,The 7 Habits of Highly Effective People: Powerful Lessons in Personal Change
£20.12,5,True,Team of Rivals: The Political Genius of Abraham Lincoln
£20.90,2,True,Steal Like an Artist: 10 Things Nobody Told You About Being Creative
£20.90,3,True,"Sit, Stay, Love"
£40.20,4,True,Sister Dear
£52.87,3,True,"Shrunken Treasures: Literary Classics, Short, Sweet, and Silly"
£51.74,1,True,"Rich Dad, Poor Dad"
£34.41,2,True,Raymie Nightingale
£32.38,1,True,Playing from the Heart
£50.35,4,True,Nightstruck: A Novel
£11.38,5,True,"Naturally Lean: 125 Nourishing Gluten-Free, Plant-Based Recipes--All Under 300 Calories"
£43.58,3,True,Meternity
£49.67,3,True,Memoirs of a Geisha
£28.77,2,True,Like Never Before (Walker Family #2)
£13.22,4,True,Life of Pi
£51.17,5,True,Leave This Song Behind: Teen Poetry at Its Best
£39.61,5,True,King's Folly (The Kinsman Chronicles #1)
£57.43,4,True,John Adams
£46.01,4,True,How to Cook Everything Vegetarian: Simple Meatless Recipes for Great Food (How to Cook Everything)
£28.25,2,True,How to Be a Domestic Goddess: Baking and the Art of Comfort Cooking
£37.05,5,True,Good in Bed (Cannie Shapiro #1)
£19.57,1,True,"Fruits Basket, Vol. 7 (Fruits Basket #7)"
£45.13,3,True,For the Love: Fighting for Grace in a World of Impossible Standards
£46.64,2,True,Finding God in the Ruins: How God Redeems Pain
£12.16,5,True,Every Heart a Doorway (Every Heart A Doorway #1)
£20.89,4,True,Delivering the Truth (Quaker Midwife Mystery #1)
£17.97,5,True,Counted With the Stars (Out from Egypt #1)
£52.60,2,True,"Chronicles, Vol. 1"
£25.77,1,True,Blue Like Jazz: Nonreligious Thoughts on Christian Spirituality
